{
    "training.epochs": 100,
    "training.lr": 0.0008726288030205466,
    "training.weight_decay": 0.00017899099777636036,
    "training.grad_clip": 0.1,
    "model.hidden_dims": [
        512,
        256,
        128
    ],
    "model.dropout": 0.15000000000000002,
    "model.activation": "relu",
    "model.batchnorm": true,
    "data.batch_size": 1024,
    "training.point_loss": "huber"
}