{
    "objective_name": "val_mae_orig",
    "objective": 2358.62353515625,
    "best_epoch": 94,
    "val_loss_at_best_epoch": 19533638.939393938,
    "train_time_sec": 780.424,
    "train_time_hms": "00:13:00"
}