{
    "objective_name": "val_mae_orig",
    "objective": 3388.024169921875,
    "best_epoch": 100,
    "val_loss_at_best_epoch": 3387.6065241887018,
    "train_time_sec": 776.586,
    "train_time_hms": "00:12:57"
}