{
    "training.epochs": 100,
    "training.lr": 0.0009460555248946335,
    "training.weight_decay": 0.0016049516200340916,
    "training.grad_clip": 0.30000000000000004,
    "model.hidden_dims": [
        512,
        512,
        256
    ],
    "model.dropout": 0.05,
    "model.activation": "relu",
    "model.batchnorm": false,
    "data.batch_size": 512,
    "training.point_loss": "mse"
}