{
    "objective_name": "val_mae_orig",
    "objective": 2665.498291015625,
    "best_epoch": 99,
    "val_loss_at_best_epoch": 2668.547435619213,
    "train_time_sec": 1012.347,
    "train_time_hms": "00:16:52"
}