{
    "training.epochs": 100,
    "training.lr": 0.002055666272166966,
    "training.weight_decay": 6.335722116874793e-06,
    "training.grad_clip": 0.30000000000000004,
    "model.hidden_dims": [
        512,
        512,
        256
    ],
    "model.dropout": 0.15000000000000002,
    "model.activation": "relu",
    "model.batchnorm": false,
    "data.batch_size": 512,
    "training.point_loss": "mae"
}