{
    "objective_name": "val_mae_orig",
    "objective": 2238.906005859375,
    "best_epoch": 97,
    "val_loss_at_best_epoch": 2238.191179011418,
    "train_time_sec": 619.859,
    "train_time_hms": "00:10:20"
}