{
    "objective_name": "val_mae_orig",
    "objective": 3208.418212890625,
    "best_epoch": 99,
    "val_loss_at_best_epoch": 3208.0474083533654,
    "train_time_sec": 787.714,
    "train_time_hms": "00:13:08"
}