{
    "training.epochs": 100,
    "training.lr": 0.00038462240862189586,
    "training.weight_decay": 0.0005663696289601088,
    "training.grad_clip": 0.6000000000000001,
    "model.hidden_dims": [
        512,
        256,
        128
    ],
    "model.dropout": 0.05,
    "model.activation": "gelu",
    "model.batchnorm": false,
    "data.batch_size": 512,
    "training.point_loss": "huber"
}