{
    "objective_name": "val_mae_orig",
    "objective": 17319.8046875,
    "best_epoch": 100,
    "val_loss_at_best_epoch": 17305.108901515152,
    "train_time_sec": 706.414,
    "train_time_hms": "00:11:46"
}