{
    "objective_name": "val_mae_orig",
    "objective": 2508.072265625,
    "best_epoch": 98,
    "val_loss_at_best_epoch": 2509.642201364776,
    "train_time_sec": 974.265,
    "train_time_hms": "00:16:14"
}