{
    "training.epochs": 100,
    "training.lr": 0.000786449995503964,
    "training.weight_decay": 1.1862920129975062e-06,
    "training.grad_clip": 0.30000000000000004,
    "model.hidden_dims": [
        512,
        512,
        256
    ],
    "model.dropout": 0.15000000000000002,
    "model.activation": "gelu",
    "model.batchnorm": true,
    "data.batch_size": 512,
    "training.point_loss": "mae"
}