{
    "objective_name": "val_mae_orig",
    "objective": 2628.466796875,
    "best_epoch": 87,
    "val_loss_at_best_epoch": 2629.480095003858,
    "train_time_sec": 982.296,
    "train_time_hms": "00:16:22"
}