{
    "objective_name": "val_mae_orig",
    "objective": 2677.45947265625,
    "best_epoch": 97,
    "val_loss_at_best_epoch": 2679.008412302276,
    "train_time_sec": 949.544,
    "train_time_hms": "00:15:50"
}