{
    "objective_name": "val_mae_orig",
    "objective": 2349.287841796875,
    "best_epoch": 98,
    "val_loss_at_best_epoch": 19086444.424242426,
    "train_time_sec": 753.461,
    "train_time_hms": "00:12:33"
}