{
    "objective_name": "val_mae_orig",
    "objective": 2252.7998046875,
    "best_epoch": 95,
    "val_loss_at_best_epoch": 2250.7395463423295,
    "train_time_sec": 761.573,
    "train_time_hms": "00:12:42"
}