{
    "objective_name": "val_mae_orig",
    "objective": 2239.79052734375,
    "best_epoch": 83,
    "val_loss_at_best_epoch": 2235.9816635594225,
    "train_time_sec": 773.104,
    "train_time_hms": "00:12:53"
}