{
    "objective_name": "val_mae_orig",
    "objective": 2366.517578125,
    "best_epoch": 94,
    "val_loss_at_best_epoch": 19649444.303030305,
    "train_time_sec": 745.627,
    "train_time_hms": "00:12:26"
}