{
    "objective_name": "val_mae_orig",
    "objective": 2629.73193359375,
    "best_epoch": 80,
    "val_loss_at_best_epoch": 2629.1860877403847,
    "train_time_sec": 715.213,
    "train_time_hms": "00:11:55"
}