{
    "objective_name": "val_mae_orig",
    "objective": 3158.018798828125,
    "best_epoch": 100,
    "val_loss_at_best_epoch": 3157.627723106971,
    "train_time_sec": 744.698,
    "train_time_hms": "00:12:25"
}