{
    "objective_name": "val_mae_orig",
    "objective": 2643.166748046875,
    "best_epoch": 100,
    "val_loss_at_best_epoch": 21663346.415384617,
    "train_time_sec": 731.939,
    "train_time_hms": "00:12:12"
}