{
    "training.epochs": 100,
    "training.lr": 0.0010589412894325074,
    "training.weight_decay": 0.0015452752076576546,
    "training.grad_clip": 0.9,
    "model.hidden_dims": [
        512,
        512,
        256
    ],
    "model.dropout": 0.15000000000000002,
    "model.activation": "relu",
    "model.batchnorm": false,
    "data.batch_size": 512,
    "training.point_loss": "mse"
}