{
    "objective_name": "val_mae_orig",
    "objective": 2615.604248046875,
    "best_epoch": 96,
    "val_loss_at_best_epoch": 2617.8547634548613,
    "train_time_sec": 962.425,
    "train_time_hms": "00:16:02"
}