{
    "objective_name": "val_mae_orig",
    "objective": 9449.751953125,
    "best_epoch": 100,
    "val_loss_at_best_epoch": 212186794.53658536,
    "train_time_sec": 896.888,
    "train_time_hms": "00:14:57"
}