{
    "training.epochs": 100,
    "training.lr": 0.0016694765431120805,
    "training.weight_decay": 2.9556644420644515e-05,
    "training.grad_clip": 0.6000000000000001,
    "model.hidden_dims": [
        768,
        384,
        192
    ],
    "model.dropout": 0.15000000000000002,
    "model.activation": "gelu",
    "model.batchnorm": true,
    "data.batch_size": 512,
    "training.point_loss": "mae"
}