{
    "objective_name": "val_mae_orig",
    "objective": 2738.0166015625,
    "best_epoch": 76,
    "val_loss_at_best_epoch": 31233099.308641974,
    "train_time_sec": 985.601,
    "train_time_hms": "00:16:26"
}