{
    "training.epochs": 100,
    "training.lr": 0.0015645369525865533,
    "training.weight_decay": 0.0027812046301025784,
    "training.grad_clip": 0.30000000000000004,
    "model.hidden_dims": [
        512,
        512,
        256
    ],
    "model.dropout": 0.05,
    "model.activation": "relu",
    "model.batchnorm": true,
    "data.batch_size": 1024,
    "training.point_loss": "mae"
}