{
    "objective_name": "val_mae_orig",
    "objective": 17325.404296875,
    "best_epoch": 100,
    "val_loss_at_best_epoch": 17310.811967329544,
    "train_time_sec": 689.768,
    "train_time_hms": "00:11:30"
}