{
    "objective_name": "val_mae_orig",
    "objective": 2231.236328125,
    "best_epoch": 71,
    "val_loss_at_best_epoch": 2227.319287849195,
    "train_time_sec": 766.735,
    "train_time_hms": "00:12:47"
}