{
    "objective_name": "val_mae_orig",
    "objective": 2261.28564453125,
    "best_epoch": 91,
    "val_loss_at_best_epoch": 2258.0472597064395,
    "train_time_sec": 776.509,
    "train_time_hms": "00:12:57"
}