{
    "objective_name": "val_mae_orig",
    "objective": 5512.67724609375,
    "best_epoch": 58,
    "val_loss_at_best_epoch": 5524.084103467988,
    "train_time_sec": 777.667,
    "train_time_hms": "00:12:58"
}