{
    "training.epochs": 100,
    "training.lr": 0.0014503814958817902,
    "training.weight_decay": 0.0002011199228097338,
    "training.grad_clip": 0.30000000000000004,
    "model.hidden_dims": [
        512,
        512,
        256
    ],
    "model.dropout": 0.05,
    "model.activation": "relu",
    "model.batchnorm": true,
    "data.batch_size": 1024,
    "training.point_loss": "huber"
}