{
    "objective_name": "val_mae_orig",
    "objective": 2641.836669921875,
    "best_epoch": 92,
    "val_loss_at_best_epoch": 2644.1546223958335,
    "train_time_sec": 974.252,
    "train_time_hms": "00:16:14"
}