{
    "training.epochs": 100,
    "training.lr": 0.0018100804370214812,
    "training.weight_decay": 0.00043083883270382686,
    "training.grad_clip": 0.9,
    "model.hidden_dims": [
        512,
        256,
        128
    ],
    "model.dropout": 0.15000000000000002,
    "model.activation": "gelu",
    "model.batchnorm": true,
    "data.batch_size": 1024,
    "training.point_loss": "huber"
}