{
    "objective_name": "val_mae_orig",
    "objective": 2239.567138671875,
    "best_epoch": 92,
    "val_loss_at_best_epoch": 2235.273389411695,
    "train_time_sec": 784.541,
    "train_time_hms": "00:13:05"
}