{
    "objective_name": "val_mae_orig",
    "objective": 2207.602294921875,
    "best_epoch": 100,
    "val_loss_at_best_epoch": 2206.758528019832,
    "train_time_sec": 793.306,
    "train_time_hms": "00:13:13"
}