{
    "objective_name": "val_mae_orig",
    "objective": 2687.180419921875,
    "best_epoch": 88,
    "val_loss_at_best_epoch": 2689.111930941358,
    "train_time_sec": 974.995,
    "train_time_hms": "00:16:15"
}